Number of Threads,Execution Time (seconds)
1,110.84488296508789
2,71.03608679771423
3,74.04153203964233
4,74.53030943870544
5,79.76122164726257
6,66.5909972190857
7,79.05767512321472
8,71.66120982170105
